{
    "AUC": {
        "list": [
            1.0,
            0.921875,
            0.90234375,
            0.8828125,
            0.90234375
        ],
        "mean": 0.921875
    },
    "ACC": {
        "list": [
            0.96875,
            0.84375,
            0.90625,
            0.84375,
            0.875
        ],
        "mean": 0.8875
    },
    "PRE": {
        "list": [
            0.9411764705882353,
            0.7619047619047619,
            0.8421052631578947,
            0.7894736842105263,
            0.875
        ],
        "mean": 0.8419320359722837
    },
    "SEN": {
        "list": [
            1.0,
            1.0,
            1.0,
            0.9375,
            0.875
        ],
        "mean": 0.9625
    },
    "F1S": {
        "list": [
            0.9696969696969697,
            0.8648648648648649,
            0.9142857142857143,
            0.8571428571428571,
            0.875
        ],
        "mean": 0.8961980811980812
    }
}